,address_id,address_name,seo_uri
0,47235687,"жилой комплекс Сиберово, 1",
1,47235687,"жилой комплекс Сиберово, 1",
2,205822,"Чистопольская улица, 12",
3,205822,"Чистопольская улица, 12",
4,41707600,"улица Аметьевская Магистраль, 18к5",
5,41707600,"улица Аметьевская Магистраль, 18к5",
6,87927,"улица Сибгата Хакима, 46",
7,87927,"улица Сибгата Хакима, 46",
8,33802942,"улица Рауиса Гареева, 78",
9,33802942,"улица Рауиса Гареева, 78",
10,39741862,"Шоссейная улица, 57",
11,39741862,"Шоссейная улица, 57",
12,33751130,"улица Наиля Юсупова, 8",
13,33751130,"улица Наиля Юсупова, 8",
14,47235687,"жилой комплекс Сиберово, 1",
15,47235687,"жилой комплекс Сиберово, 1",
16,33802942,"улица Рауиса Гареева, 78",
17,33802942,"улица Рауиса Гареева, 78",
18,205654,"улица Кул Гали, 38",
19,205654,"улица Кул Гали, 38",
20,41537555,"улица Сибгата Хакима, 51",
21,41537555,"улица Сибгата Хакима, 51",
22,48441784,жилой комплекс Нова,
23,48441784,жилой комплекс Нова,
24,218977,улица Алексея Козина,
25,218977,улица Алексея Козина,
26,406975,"Привокзальная улица, 52",
27,406975,"Привокзальная улица, 52",
28,42244432,"улица Братьев Батталовых, 20Ак2",
29,42244432,"улица Братьев Батталовых, 20Ак2",
30,546817,"улица Профессора Камая, 10к1",
31,546817,"улица Профессора Камая, 10к1",
32,16544219,Бухарская улица,
33,16544219,Бухарская улица,
34,205902,"улица Липатова, 17А",
35,205902,"улица Липатова, 17А",
36,417408,"улица Кул Гали, 3",
37,417408,"улица Кул Гали, 3",
38,27202658,"проспект Альберта Камалеева, 30",
39,27202658,"проспект Альберта Камалеева, 30",
40,41707600,"улица Аметьевская Магистраль, 18к5",
41,41707600,"улица Аметьевская Магистраль, 18к5",
42,16544219,Бухарская улица,
43,16544219,Бухарская улица,
44,200645,"проспект Победы, 30к4",
45,200645,"проспект Победы, 30к4",
46,205729,улица Меховщиков,
47,205729,улица Меховщиков,
48,362607,"проспект Победы, 139к2",
49,362607,"проспект Победы, 139к2",
50,84272,"улица Сибгата Хакима, 44",
51,84272,"улица Сибгата Хакима, 44",
52,48441784,жилой комплекс Нова,
53,48441784,жилой комплекс Нова,
54,218977,улица Алексея Козина,
55,218977,улица Алексея Козина,
56,16544219,Бухарская улица,
57,16544219,Бухарская улица,
58,56424754,"улица Рихарда Зорге, 99",
59,56424754,"улица Рихарда Зорге, 99",
60,51349455,улица Асада Аббасова,
61,51349455,улица Асада Аббасова,
62,23816308,"улица Рауиса Гареева, 111к1",
63,23816308,"улица Рауиса Гареева, 111к1",
64,25771,"Чистопольская улица, 86/10",
65,25771,"Чистопольская улица, 86/10",
66,415136,"улица Комиссара Габишева, 29",
67,415136,"улица Комиссара Габишева, 29",
68,33802942,"улица Рауиса Гареева, 78",
69,33802942,"улица Рауиса Гареева, 78",
70,41537555,"улица Сибгата Хакима, 51",
71,41537555,"улица Сибгата Хакима, 51",
72,38402874,"жилой комплекс Светлая Долина, 2-2",
73,38402874,"жилой комплекс Светлая Долина, 2-2",
74,42777809,"улица Петра Полушкина, 10/1",
75,42777809,"улица Петра Полушкина, 10/1",
76,218977,улица Алексея Козина,
77,218977,улица Алексея Козина,
78,84260,"улица Салиха Батыева, 13",
79,84260,"улица Салиха Батыева, 13",
80,379729,"улица Ноксинский Спуск, 43",
81,379729,"улица Ноксинский Спуск, 43",
82,205965,"Зилантовская улица, 20",
83,205965,"Зилантовская улица, 20",
84,47235687,"жилой комплекс Сиберово, 1",
85,47235687,"жилой комплекс Сиберово, 1",
86,51349455,улица Асада Аббасова,
87,51349455,улица Асада Аббасова,
88,41649105,"улица Михаила Миля, 1",
89,41649105,"улица Михаила Миля, 1",
90,23816308,"улица Рауиса Гареева, 111к1",
91,23816308,"улица Рауиса Гареева, 111к1",
92,38616989,"улица Серова, 43к2",
93,38616989,"улица Серова, 43к2",
94,36238,"проспект Победы, 78",
95,36238,"проспект Победы, 78",
96,47899991,"улица Азата Аббасова, 23",
97,47899991,"улица Азата Аббасова, 23",
98,41649105,"улица Михаила Миля, 1",
99,41649105,"улица Михаила Миля, 1",
100,14966605,"улица Маршала Чуйкова, 43",
101,14966605,"улица Маршала Чуйкова, 43",
102,33802942,"улица Рауиса Гареева, 78",
103,33802942,"улица Рауиса Гареева, 78",
104,165080,"улица Гаврилова, 28",
105,165080,"улица Гаврилова, 28",
106,336217,"улица Сафиуллина, 50",
107,336217,"улица Сафиуллина, 50",
108,86388,"улица Айрата Арсланова, 11",
109,86388,"улица Айрата Арсланова, 11",
110,55814278,"жилой комплекс Притяжение, 2",
111,55814278,"жилой комплекс Притяжение, 2",
112,205997,"проспект Универсиады, 16",
113,205997,"проспект Универсиады, 16",
114,33521883,"Стадионная улица, 1",
115,33521883,"Стадионная улица, 1",
116,218977,улица Алексея Козина,
117,218977,улица Алексея Козина,
118,39168447,"улица Абдуллы Бичурина, 13",
119,39168447,"улица Абдуллы Бичурина, 13",
120,39168447,"улица Абдуллы Бичурина, 13",
121,39168447,"улица Абдуллы Бичурина, 13",
122,41707600,"улица Аметьевская Магистраль, 18к5",
123,41707600,"улица Аметьевская Магистраль, 18к5",
124,55814278,"жилой комплекс Притяжение, 2",
125,55814278,"жилой комплекс Притяжение, 2",
126,205788,"Авангардная улица, 171",
127,205788,"Авангардная улица, 171",
128,218977,улица Алексея Козина,
129,218977,улица Алексея Козина,
130,16544219,Бухарская улица,
131,16544219,Бухарская улица,
132,420795,"улица Зур Урам, 1",
133,420795,"улица Зур Урам, 1",
134,35561130,"улица Алексея Козина, 2",
135,35561130,"улица Алексея Козина, 2",
136,49934048,"Бухарская улица, 32к1",
137,49934048,"Бухарская улица, 32к1",
138,35561130,"улица Алексея Козина, 2",
139,35561130,"улица Алексея Козина, 2",
140,1704427,"проспект Победы, 35Б",
141,1704427,"проспект Победы, 35Б",
142,762812,"улица Гаврилова, 6",
143,762812,"улица Гаврилова, 6",
144,419349,"улица Фатыха Амирхана, 18/41",
145,419349,"улица Фатыха Амирхана, 18/41",
146,425585,"улица Фатыха Амирхана, 34",
147,425585,"улица Фатыха Амирхана, 34",
148,56446007,"улица Гавриила Державина, 3к4",
149,56446007,"улица Гавриила Державина, 3к4",
150,16736952,"улица Родины, 20",
151,16736952,"улица Родины, 20",
152,86465,"улица Фатыха Амирхана, 101",
153,86465,"улица Фатыха Амирхана, 101",
154,3424577,"улица Рашида Вагапова, 27",
155,3424577,"улица Рашида Вагапова, 27",
156,406887,"улица Фатыха Амирхана, 38",
157,406887,"улица Фатыха Амирхана, 38",
158,36440499,"улица Сабан, 5В",
159,36440499,"улица Сабан, 5В",
160,50039946,"улица Мансура Хасанова, 15",
161,50039946,"улица Мансура Хасанова, 15",
162,16766586,"Оренбургский тракт, 4Б",
163,16766586,"Оренбургский тракт, 4Б",
164,33756646,"Горьковское шоссе, 2А",
165,33756646,"Горьковское шоссе, 2А",
166,434346,"Ломжинская улица, 4",
167,434346,"Ломжинская улица, 4",
168,205747,"Курская улица, 27",
169,205747,"Курская улица, 27",
170,39907359,"улица Четаева, 14Ак2",
171,39907359,"улица Четаева, 14Ак2",
172,205588,"Оренбургский тракт, 140Г",
173,205588,"Оренбургский тракт, 140Г",
174,38544921,"Бухарская улица, 32",
175,38544921,"Бухарская улица, 32",
176,56592736,"Детский проезд, 6",
177,56592736,"Детский проезд, 6",
178,40428086,"улица Вишневского, 61А",
179,40428086,"улица Вишневского, 61А",
180,7357369,"улица Карбышева, 12",
181,7357369,"улица Карбышева, 12",
182,33081465,"Чистопольская улица, 61Д",
183,33081465,"Чистопольская улица, 61Д",
184,205569,"Оренбургский тракт, 24Б",
185,205569,"Оренбургский тракт, 24Б",
186,38259435,"улица Вишневского, 59Ак1",
187,38259435,"улица Вишневского, 59Ак1",
188,56429960,"улица Алексея Козина, 9",
189,56429960,"улица Алексея Козина, 9",
190,42240094,"улица Братьев Батталовых, 20А",
191,42240094,"улица Братьев Батталовых, 20А",
192,47170539,"улица Мансура Хасанова, 13",
193,47170539,"улица Мансура Хасанова, 13",
194,205890,"улица Рихарда Зорге, 41",
195,205890,"улица Рихарда Зорге, 41",
196,56446007,"улица Гавриила Державина, 3к4",
197,56446007,"улица Гавриила Державина, 3к4",
198,206205,"Чистопольская улица, 60",
199,206205,"Чистопольская улица, 60",
200,590858,"улица Виктора Сажинова, 3",
201,590858,"улица Виктора Сажинова, 3",
202,43040609,"Портовая улица, 37к1",
203,43040609,"Портовая улица, 37к1",
204,87921,"улица Андрея Адо, 13Б",
205,87921,"улица Андрея Адо, 13Б",
206,42266187,"улица Рауиса Гареева, 105Б",
207,42266187,"улица Рауиса Гареева, 105Б",
208,1546723,"улица Рашида Вагапова, 8/15",
209,1546723,"улица Рашида Вагапова, 8/15",
210,165081,"проспект Победы, 17",
211,165081,"проспект Победы, 17",
212,200685,"Бирюзовая улица, 9",
213,200685,"Бирюзовая улица, 9",
214,56592221,"улица Зур Урам, 1Кк3",
215,56592221,"улица Зур Урам, 1Кк3",
216,362607,"проспект Победы, 139к2",
217,362607,"проспект Победы, 139к2",
218,411029,"улица Азата Аббасова, 13",
219,411029,"улица Азата Аббасова, 13",
220,2022,"улица Чингиза Айтматова, 13",
221,2022,"улица Чингиза Айтматова, 13",
222,41707600,"улица Аметьевская Магистраль, 18к5",
223,41707600,"улица Аметьевская Магистраль, 18к5",
224,56465929,"улица Салиха Батыева, 1",
225,56465929,"улица Салиха Батыева, 1",
226,200825,"проспект Альберта Камалеева, 34Б",
227,200825,"проспект Альберта Камалеева, 34Б",
228,87905,"улица Достоевского, 57",
229,87905,"улица Достоевского, 57",
230,257971,"улица Курашова, 20",
231,257971,"улица Курашова, 20",
232,87905,"улица Достоевского, 57",
233,87905,"улица Достоевского, 57",
234,56424759,"улица Рихарда Зорге, 97",
235,56424759,"улица Рихарда Зорге, 97",
236,87905,"улица Достоевского, 57",
237,87905,"улица Достоевского, 57",
238,47885179,"улица Академика Губкина, 12Б",
239,47885179,"улица Академика Губкина, 12Б",
240,87921,"улица Андрея Адо, 13Б",
241,87921,"улица Андрея Адо, 13Б",
242,148186,"улица Сибгата Хакима, 5А",
243,148186,"улица Сибгата Хакима, 5А",
244,50966265,"Бухарская улица, 32к2",
245,50966265,"Бухарская улица, 32к2",
246,87894,"улица Серова, 51/11",
247,87894,"улица Серова, 51/11",
248,206264,"улица Натана Рахлина, 5",
249,206264,"улица Натана Рахлина, 5",
250,36331,"Волочаевская улица, 4",
251,36331,"Волочаевская улица, 4",
252,3322024,"улица Академика Глушко, 7",
253,3322024,"улица Академика Глушко, 7",
254,206033,"улица Адоратского, 37",
255,206033,"улица Адоратского, 37",
256,87894,"улица Серова, 51/11",
257,87894,"улица Серова, 51/11",
258,3426971,"улица Зинина, 7",
259,3426971,"улица Зинина, 7",
260,165200,"Чистопольская улица, 85",
261,165200,"Чистопольская улица, 85",
262,522597,"Спартаковская улица, 165",
263,522597,"Спартаковская улица, 165",
264,36435404,"улица Альфии Авзаловой, 9",
265,36435404,"улица Альфии Авзаловой, 9",
266,17240084,"улица Нурихана Фаттаха, 19",
267,17240084,"улица Нурихана Фаттаха, 19",
268,56429960,"улица Алексея Козина, 9",
269,56429960,"улица Алексея Козина, 9",
270,3474278,"улица Сибгата Хакима, 42",
271,3474278,"улица Сибгата Хакима, 42",
272,56464821,"улица Хади Такташа, 119",
273,56464821,"улица Хади Такташа, 119",
274,257971,"улица Курашова, 20",
275,257971,"улица Курашова, 20",
276,36301,"Щербаковский переулок, 7",
277,36301,"Щербаковский переулок, 7",
278,205747,"Курская улица, 27",
279,205747,"Курская улица, 27",
280,41537555,"улица Сибгата Хакима, 51",
281,41537555,"улица Сибгата Хакима, 51",
282,23816308,"улица Рауиса Гареева, 111к1",
283,23816308,"улица Рауиса Гареева, 111к1",
284,40566354,"улица Альфии Авзаловой, 3",
285,40566354,"улица Альфии Авзаловой, 3",
286,205989,"улица Толстого, 14А",
287,205989,"улица Толстого, 14А",
288,39741862,"Шоссейная улица, 57",
289,39741862,"Шоссейная улица, 57",
290,41044881,"улица Четаева, 43А",
291,41044881,"улица Четаева, 43А",
292,36238,"проспект Победы, 78",
293,36238,"проспект Победы, 78",
294,56550425,"Беломорская улица, 5",
295,56550425,"Беломорская улица, 5",
296,200610,"улица Павлюхина, 110В",
297,200610,"улица Павлюхина, 110В",
298,335914,"Петербургская улица, 64",
299,335914,"Петербургская улица, 64",
300,17037610,"улица Карбышева, 12А",
301,17037610,"улица Карбышева, 12А",
302,46261800,"улица Петра Полушкина, 6",
303,46261800,"улица Петра Полушкина, 6",
304,3551360,"улица Джаудата Файзи, 15",
305,3551360,"улица Джаудата Файзи, 15",
306,49934048,"Бухарская улица, 32к1",
307,49934048,"Бухарская улица, 32к1",
308,56433878,"улица Николая Ершова, 34/1",
309,56433878,"улица Николая Ершова, 34/1",
310,342614,"улица Юлиуса Фучика, 99А",
311,342614,"улица Юлиуса Фучика, 99А",
312,2005,"улица Академика Лаврентьева, 11",
313,2005,"улица Академика Лаврентьева, 11",
314,40651263,"улица Галеева, 8Ак4",
315,40651263,"улица Галеева, 8Ак4",
316,36145938,"проспект Альберта Камалеева, 32Б",
317,36145938,"проспект Альберта Камалеева, 32Б",
318,200737,"улица Адоратского, 33",
319,200737,"улица Адоратского, 33",
320,39741862,"Шоссейная улица, 57",
321,39741862,"Шоссейная улица, 57",
322,522597,"Спартаковская улица, 165",
323,522597,"Спартаковская улица, 165",
324,40295754,"улица Аделя Кутуя, 110Дк3",
325,40295754,"улица Аделя Кутуя, 110Дк3",
326,218843,"улица Седова, 1",
327,218843,"улица Седова, 1",
328,165228,"улица Кул Гали, 27",
329,165228,"улица Кул Гали, 27",
330,56532583,"улица Азата Аббасова, 5",
331,56532583,"улица Азата Аббасова, 5",
332,372550,"улица Алексея Козина, 7",
333,372550,"улица Алексея Козина, 7",
334,41537555,"улица Сибгата Хакима, 51",
335,41537555,"улица Сибгата Хакима, 51",
336,956334,"улица Юлиуса Фучика, 51",
337,956334,"улица Юлиуса Фучика, 51",
338,47873542,"улица Рашида Нежметдинова, 11к3",
339,47873542,"улица Рашида Нежметдинова, 11к3",
340,40249127,"улица Ярышлар, 2А",
341,40249127,"улица Ярышлар, 2А",
342,86387,"улица Азата Аббасова, 10",
343,86387,"улица Азата Аббасова, 10",
344,56449322,"улица Сабира Ахтямова, 1к1",
345,56449322,"улица Сабира Ахтямова, 1к1",
346,1868585,"улица Тансык, 13А",
347,1868585,"улица Тансык, 13А",
348,56553069,"Приволжская улица, 210с3",
349,56553069,"Приволжская улица, 210с3",
350,56446007,"улица Гавриила Державина, 3к4",
351,56446007,"улица Гавриила Державина, 3к4",
352,35863366,"Дубравная улица, 36",
353,35863366,"Дубравная улица, 36",
354,16904333,"улица Рауиса Гареева, 90к1",
355,16904333,"улица Рауиса Гареева, 90к1",
356,205788,"Авангардная улица, 171",
357,205788,"Авангардная улица, 171",
358,739384,"улица Маршала Чуйкова, 59А",
359,739384,"улица Маршала Чуйкова, 59А",
360,165212,"улица Баки Урманче, 8",
361,165212,"улица Баки Урманче, 8",
362,36546,"Даурская улица, 48А",
363,36546,"Даурская улица, 48А",
364,3543792,"улица Лукина, 52",
365,3543792,"улица Лукина, 52",
366,200777,"проспект Ямашева, 61",
367,200777,"проспект Ямашева, 61",
368,49081746,"улица Рауиса Гареева, 78А",
369,49081746,"улица Рауиса Гареева, 78А",
370,200657,"Петербургская улица, 65А",
371,200657,"Петербургская улица, 65А",
372,40651236,"улица Галеева, 8",
373,40651236,"улица Галеева, 8",
374,6400213,"улица Павлюхина, 110Г",
375,6400213,"улица Павлюхина, 110Г",
376,36145938,"проспект Альберта Камалеева, 32Б",
377,36145938,"проспект Альберта Камалеева, 32Б",
378,56529498,"улица Гавриила Державина, 4к1",
379,56529498,"улица Гавриила Державина, 4к1",
380,42240094,"улица Братьев Батталовых, 20А",
381,42240094,"улица Братьев Батталовых, 20А",
382,33099031,"Маршрутная улица, 17к1",
383,33099031,"Маршрутная улица, 17к1",
384,411029,"улица Азата Аббасова, 13",
385,411029,"улица Азата Аббасова, 13",
386,757338,"улица Татарстан, 11",
387,757338,"улица Татарстан, 11",
388,372492,"Меридианная улица, 30",
389,372492,"Меридианная улица, 30",
390,33103567,"улица Родины, 24Г",
391,33103567,"улица Родины, 24Г",
392,47885179,"улица Академика Губкина, 12Б",
393,47885179,"улица Академика Губкина, 12Б",
394,205965,"Зилантовская улица, 20",
395,205965,"Зилантовская улица, 20",
396,206113,"улица Качалова, 76",
397,206113,"улица Качалова, 76",
398,41537555,"улица Сибгата Хакима, 51",
399,41537555,"улица Сибгата Хакима, 51",
400,219080,"улица Аметьевская Магистраль, 16к1",
401,219080,"улица Аметьевская Магистраль, 16к1",
402,35288985,"Ново-Азинская улица, 43В",
403,35288985,"Ново-Азинская улица, 43В",
404,87905,"улица Достоевского, 57",
405,87905,"улица Достоевского, 57",
406,87905,"улица Достоевского, 57",
407,87905,"улица Достоевского, 57",
408,35904953,"Дубравная улица, 43А",
409,35904953,"Дубравная улица, 43А",
410,2055,"улица Рауиса Гареева, 4",
411,2055,"улица Рауиса Гареева, 4",
412,56554937,"улица Новоселья, 4",
413,56554937,"улица Новоселья, 4",
414,206133,"улица Ноксинский Спуск, 21",
415,206133,"улица Ноксинский Спуск, 21",
416,171067,"проспект Победы, 168",
417,171067,"проспект Победы, 168",
418,205850,"Ломжинская улица, 6",
419,205850,"Ломжинская улица, 6",
420,27218234,"улица Новаторов, 8Б",
421,27218234,"улица Новаторов, 8Б",
422,56424879,"улица Рихарда Зорге, 89",
423,56424879,"улица Рихарда Зорге, 89",
424,56449322,"улица Сабира Ахтямова, 1к1",
425,56449322,"улица Сабира Ахтямова, 1к1",
426,3417530,"улица Фатыха Амирхана, 47",
427,3417530,"улица Фатыха Амирхана, 47",
428,211558,"улица Адоратского, 1",
429,211558,"улица Адоратского, 1",
430,42240094,"улица Братьев Батталовых, 20А",
431,42240094,"улица Братьев Батталовых, 20А",
432,47069204,"улица Комиссара Габишева, 16",
433,47069204,"улица Комиссара Габишева, 16",
434,22944332,"улица Рауиса Гареева, 105",
435,22944332,"улица Рауиса Гареева, 105",
436,36238,"проспект Победы, 78",
437,36238,"проспект Победы, 78",
438,753871,"улица Салиха Батыева, 9",
439,753871,"улица Салиха Батыева, 9",
440,1454969,"улица Салиха Батыева, 21",
441,1454969,"улица Салиха Батыева, 21",
442,370728,"улица Ноксинский Спуск, 14А",
443,370728,"улица Ноксинский Спуск, 14А",
444,36818927,"улица Вишневского, 57А",
445,36818927,"улица Вишневского, 57А",
446,45547039,"Краснококшайская улица, 58",
447,45547039,"Краснококшайская улица, 58",
448,560706,"улица Амирхана Еники, 2/53",
449,560706,"улица Амирхана Еники, 2/53",
450,48134982,"улица Сибирский Тракт, 13",
451,48134982,"улица Сибирский Тракт, 13",
452,41649105,"улица Михаила Миля, 1",
453,41649105,"улица Михаила Миля, 1",
454,3526971,"улица Фатыха Амирхана, 35",
455,3526971,"улица Фатыха Амирхана, 35",
456,165045,"Роторная улица, 27Б",
457,165045,"Роторная улица, 27Б",
458,56433889,"улица Николая Ершова, 65Б/3",
459,56433889,"улица Николая Ершова, 65Б/3",
460,3587411,"улица Батыршина, 17",
461,3587411,"улица Батыршина, 17",
462,200657,"Петербургская улица, 65А",
463,200657,"Петербургская улица, 65А",
464,56550378,"улица Зур Урам, 1Кк2",
465,56550378,"улица Зур Урам, 1Кк2",
466,40428086,"улица Вишневского, 61А",
467,40428086,"улица Вишневского, 61А",
468,410828,"проспект Победы, 62к3",
469,410828,"проспект Победы, 62к3",
470,16559177,"улица Виктора Сажинова, 7/11",
471,16559177,"улица Виктора Сажинова, 7/11",
472,35853793,"улица Мира, 41",
473,35853793,"улица Мира, 41",
474,36156196,"Дубравная улица, 23",
475,36156196,"Дубравная улица, 23",
476,22630273,"проспект Альберта Камалеева, 32",
477,22630273,"проспект Альберта Камалеева, 32",
478,87905,"улица Достоевского, 57",
479,87905,"улица Достоевского, 57",
480,35850525,"Дубравная улица, 28А",
481,35850525,"Дубравная улица, 28А",
482,45733868,"Южно-Промышленная улица, 13",
483,45733868,"Южно-Промышленная улица, 13",
484,750908,"2-я Азинская улица, 1",
485,750908,"2-я Азинская улица, 1",
486,56433892,"улица Николая Ершова, 65Б/2",
487,56433892,"улица Николая Ершова, 65Б/2",
488,86387,"улица Азата Аббасова, 10",
489,86387,"улица Азата Аббасова, 10",
490,2022,"улица Чингиза Айтматова, 13",
491,2022,"улица Чингиза Айтматова, 13",
492,3405460,"улица Юлиуса Фучика, 24",
493,3405460,"улица Юлиуса Фучика, 24",
494,200835,"улица Рашида Вагапова, 3",
495,200835,"улица Рашида Вагапова, 3",
496,164947,"Комсомольская улица, 1",
497,164947,"Комсомольская улица, 1",
498,16939355,"Детский проезд, 1к1",
499,16939355,"Детский проезд, 1к1",
500,39741862,"Шоссейная улица, 57",
501,39741862,"Шоссейная улица, 57",
502,1764041,"проспект Победы, 72А",
503,1764041,"проспект Победы, 72А",
504,205898,"улица Фикрята Табеева, 5",
505,205898,"улица Фикрята Табеева, 5",
506,606836,"Чистопольская улица, 64",
507,606836,"Чистопольская улица, 64",
508,56551119,"улица Тыныч, 3",
509,56551119,"улица Тыныч, 3",
510,56467181,"улица Гавриила Державина, 4к2",
511,56467181,"улица Гавриила Державина, 4к2",
512,36175,"проспект Победы, 100",
513,36175,"проспект Победы, 100",
514,36238,"проспект Победы, 78",
515,36238,"проспект Победы, 78",
516,36748061,"улица Архитектора Гайнутдинова, 26к2",
517,36748061,"улица Архитектора Гайнутдинова, 26к2",
518,34799795,"Оренбургский тракт, 8Д",
519,34799795,"Оренбургский тракт, 8Д",
520,47137456,"улица Комиссара Габишева, 16А",
521,47137456,"улица Комиссара Габишева, 16А",
522,200657,"Петербургская улица, 65А",
523,200657,"Петербургская улица, 65А",
524,56449299,"проспект Победы, 139к1",
525,56449299,"проспект Победы, 139к1",
526,219080,"улица Аметьевская Магистраль, 16к1",
527,219080,"улица Аметьевская Магистраль, 16к1",
528,36175,"проспект Победы, 100",
529,36175,"проспект Победы, 100",
530,56548496,"улица Четаева, 14",
531,56548496,"улица Четаева, 14",
532,44403211,"улица Архитектора Гайнутдинова, 26к5",
533,44403211,"улица Архитектора Гайнутдинова, 26к5",
534,33756646,"Горьковское шоссе, 2А",
535,33756646,"Горьковское шоссе, 2А",
536,36458,Краснококшайская улица,
537,36458,Краснококшайская улица,
538,18784359,"улица Рауиса Гареева, 103",
539,18784359,"улица Рауиса Гареева, 103",
540,51494062,"улица Кул Гали, 29",
541,51494062,"улица Кул Гали, 29",
542,84221,улица Сибгата Хакима,
543,84221,улица Сибгата Хакима,
544,56470226,улица Хусаина Мавлютова,
545,56470226,улица Хусаина Мавлютова,
546,56503816,"улица Хусаина Мавлютова, 42",
547,56503816,"улица Хусаина Мавлютова, 42",
548,87905,"улица Достоевского, 57",
549,87905,"улица Достоевского, 57",
550,56502085,"Дубравная улица, 49",
551,56502085,"Дубравная улица, 49",
552,56532586,"улица Сибгата Хакима, 51",
553,56532586,"улица Сибгата Хакима, 51",
554,56462397,"проспект Победы, 139к3",
555,56462397,"проспект Победы, 139к3",
556,56469951,"улица Азата Аббасова, 13",
557,56469951,"улица Азата Аббасова, 13",
558,56553014,"Хороводная улица, 50",
559,56553014,"Хороводная улица, 50",
560,50966265,"Бухарская улица, 32к2",
561,50966265,"Бухарская улица, 32к2",
562,56508876,улица Новаторов,
563,56508876,улица Новаторов,
564,56424560,улица Фатыха Амирхана,
565,56424560,улица Фатыха Амирхана,
566,56466558,"проспект Универсиады, 10",
567,56466558,"проспект Универсиады, 10",
568,56466870,"улица Родины, 20",
569,56466870,"улица Родины, 20",
570,56467181,"улица Гавриила Державина, 4к2",
571,56467181,"улица Гавриила Державина, 4к2",
572,56465896,"улица Вишневского, 57А",
573,56465896,"улица Вишневского, 57А",
574,38213180,"улица Вишневского, 59Ак3",
575,38213180,"улица Вишневского, 59Ак3",
576,56466933,"улица Салиха Батыева, 17",
577,56466933,"улица Салиха Батыева, 17",
578,56462372,"улица Юлиуса Фучика, 52",
579,56462372,"улица Юлиуса Фучика, 52",
580,56510838,"улица Курашова, 20",
581,56510838,"улица Курашова, 20",
582,56512517,"проспект Универсиады, 12",
583,56512517,"проспект Универсиады, 12",
584,56465398,"улица Достоевского, 57",
585,56465398,"улица Достоевского, 57",
586,56429951,"улица Зур Урам, 1Кк5",
587,56429951,"улица Зур Урам, 1Кк5",
588,46261800,"улица Петра Полушкина, 6",
589,46261800,"улица Петра Полушкина, 6",
590,56542798,"улица Вишневского, 14",
591,56542798,"улица Вишневского, 14",
592,797813,"Минская улица, 37",
593,797813,"Минская улица, 37",
594,49201736,"улица Рашида Нежметдинова, 11к2",
595,49201736,"улица Рашида Нежметдинова, 11к2",
596,48134982,"улица Сибирский Тракт, 13",
597,48134982,"улица Сибирский Тракт, 13",
598,1944114,"улица Рихарда Зорге, 83",
599,1944114,"улица Рихарда Зорге, 83",
600,49934048,"Бухарская улица, 32к1",
601,49934048,"Бухарская улица, 32к1",
602,165245,"улица Адоратского, 2",
603,165245,"улица Адоратского, 2",
604,45518758,"Детский проезд, 8",
605,45518758,"Детский проезд, 8",
606,46261800,"улица Петра Полушкина, 6",
607,46261800,"улица Петра Полушкина, 6",
608,200777,"проспект Ямашева, 61",
609,200777,"проспект Ямашева, 61",
610,3308597,"проспект Ибрагимова, 61А",
611,3308597,"проспект Ибрагимова, 61А",
612,205793,"Гвардейская улица, 31/42",
613,205793,"Гвардейская улица, 31/42",
614,1830647,"проспект Альберта Камалеева, 14",
615,1830647,"проспект Альберта Камалеева, 14",
616,36458,Краснококшайская улица,
617,36458,Краснококшайская улица,
618,56429960,"улица Алексея Козина, 9",
619,56429960,"улица Алексея Козина, 9",
620,408867,"улица Юлиуса Фучика, 78",
621,408867,"улица Юлиуса Фучика, 78",
622,56466576,Большая Красная улица,
623,56466576,Большая Красная улица,
624,56467181,"улица Гавриила Державина, 4к2",
625,56467181,"улица Гавриила Державина, 4к2",
626,644956,"улица Ноксинский Спуск, 37",
627,644956,"улица Ноксинский Спуск, 37",
628,47688821,"улица Рашида Нежметдинова, 11к5",
629,47688821,"улица Рашида Нежметдинова, 11к5",
630,50966265,"Бухарская улица, 32к2",
631,50966265,"Бухарская улица, 32к2",
632,205580,"улица Профессора Камая, 8А",
633,205580,"улица Профессора Камая, 8А",
634,335958,"улица Академика Глушко, 12",
635,335958,"улица Академика Глушко, 12",
636,206028,"улица Юлиуса Фучика, 58Б",
637,206028,"улица Юлиуса Фучика, 58Б",
638,40566354,"улица Альфии Авзаловой, 3",
639,40566354,"улица Альфии Авзаловой, 3",
640,206264,"улица Натана Рахлина, 5",
641,206264,"улица Натана Рахлина, 5",
642,27952449,"улица Альфии Авзаловой, 15",
643,27952449,"улица Альфии Авзаловой, 15",
644,47636773,"жилой комплекс Сказочный Лес, 4.1",
645,47636773,"жилой комплекс Сказочный Лес, 4.1",
646,370684,"улица Фрунзе, 9",
647,370684,"улица Фрунзе, 9",
648,200718,"проспект Ямашева, 101",
649,200718,"проспект Ямашева, 101",
650,16745658,"улица Наиля Юсупова, 5",
651,16745658,"улица Наиля Юсупова, 5",
652,407264,"улица Хусаина Мавлютова, 42",
653,407264,"улица Хусаина Мавлютова, 42",
654,48194415,"парк Горкинско-Ометьевский лес, 11",
655,48194415,"парк Горкинско-Ометьевский лес, 11",
656,412789,"Горсоветская улица, 29",
657,412789,"Горсоветская улица, 29",
658,883587,"улица Фатыха Амирхана, 12Д",
659,883587,"улица Фатыха Амирхана, 12Д",
660,18395813,"улица Наиля Юсупова, 3",
661,18395813,"улица Наиля Юсупова, 3",
662,56464898,"улица Азата Аббасова, 7",
663,56464898,"улица Азата Аббасова, 7",
664,41537555,"улица Сибгата Хакима, 51",
665,41537555,"улица Сибгата Хакима, 51",
666,87905,"улица Достоевского, 57",
667,87905,"улица Достоевского, 57",
668,36175,"проспект Победы, 100",
669,36175,"проспект Победы, 100",
670,205983,"улица Профессора Камая, 12",
671,205983,"улица Профессора Камая, 12",
672,84266,"улица Адоратского, 1Б",
673,84266,"улица Адоратского, 1Б",
674,56464898,"улица Азата Аббасова, 7",
675,56464898,"улица Азата Аббасова, 7",
676,36157093,"улица Закиева, 7",
677,36157093,"улица Закиева, 7",
678,29628209,"улица Серова, 26А",
679,29628209,"улица Серова, 26А",
680,41292233,"улица Анаса Тазетдинова, 8А",
681,41292233,"улица Анаса Тазетдинова, 8А",
682,1280343,"улица Сибгата Хакима, 7",
683,1280343,"улица Сибгата Хакима, 7",
684,38992609,"улица Новаторов, 8А",
685,38992609,"улица Новаторов, 8А",
686,3586858,"Гвардейская улица, 34",
687,3586858,"Гвардейская улица, 34",
688,84266,"улица Адоратского, 1Б",
689,84266,"улица Адоратского, 1Б",
690,28007886,"улица Волкова, 12",
691,28007886,"улица Волкова, 12",
692,41537555,"улица Сибгата Хакима, 51",
693,41537555,"улица Сибгата Хакима, 51",
694,34963530,"улица Родины, 26Е",
695,34963530,"улица Родины, 26Е",
696,372530,"Даурская улица, 44В",
697,372530,"Даурская улица, 44В",
698,48603453,"улица Абубекира Терегулова, 12",
699,48603453,"улица Абубекира Терегулова, 12",
700,47885179,"улица Академика Губкина, 12Б",
701,47885179,"улица Академика Губкина, 12Б",
702,1752682,"проспект Ямашева, 31А",
703,1752682,"проспект Ямашева, 31А",
704,218846,"улица Юлиуса Фучика, 151",
705,218846,"улица Юлиуса Фучика, 151",
706,86387,"улица Азата Аббасова, 10",
707,86387,"улица Азата Аббасова, 10",
708,42240094,"улица Братьев Батталовых, 20А",
709,42240094,"улица Братьев Батталовых, 20А",
710,740290,"улица Чехова, 53",
711,740290,"улица Чехова, 53",
712,1978,Ново-Савиновский район,
713,1978,Ново-Савиновский район,
714,56424669,проспект Ямашева,
715,56424669,проспект Ямашева,
716,56433982,"улица Николая Ершова, 62Дк2",
717,56433982,"улица Николая Ершова, 62Дк2",
718,2048,"улица Юлиуса Фучика, 20",
719,2048,"улица Юлиуса Фучика, 20",
720,47873542,"улица Рашида Нежметдинова, 11к3",
721,47873542,"улица Рашида Нежметдинова, 11к3",
722,4596419,"улица Галимджана Баруди, 19",
723,4596419,"улица Галимджана Баруди, 19",
724,39168447,"улица Абдуллы Бичурина, 13",
725,39168447,"улица Абдуллы Бичурина, 13",
726,56547393,"улица Дементьева, 2к2",
727,56547393,"улица Дементьева, 2к2",
728,205650,"проспект Победы, 60",
729,205650,"проспект Победы, 60",
730,200657,"Петербургская улица, 65А",
731,200657,"Петербургская улица, 65А",
732,3555904,"улица Фатыха Амирхана, 12Е",
733,3555904,"улица Фатыха Амирхана, 12Е",
734,35561130,"улица Алексея Козина, 2",
735,35561130,"улица Алексея Козина, 2",
736,41044881,"улица Четаева, 43А",
737,41044881,"улица Четаева, 43А",
738,1554965,"улица Академика Глушко, 9к1",
739,1554965,"улица Академика Глушко, 9к1",
740,50966265,"Бухарская улица, 32к2",
741,50966265,"Бухарская улица, 32к2",
742,335914,"Петербургская улица, 64",
743,335914,"Петербургская улица, 64",
744,40352420,"улица Космонавтов, 61Е",
745,40352420,"улица Космонавтов, 61Е",
746,56464674,"улица Кул Гали, 9/95",
747,56464674,"улица Кул Гали, 9/95",
748,165080,"улица Гаврилова, 28",
749,165080,"улица Гаврилова, 28",
750,39825268,"улица Академика Завойского, 21Бк2",
751,39825268,"улица Академика Завойского, 21Бк2",
752,3464980,"проспект Ямашева, 58",
753,3464980,"проспект Ямашева, 58",
754,41537555,"улица Сибгата Хакима, 51",
755,41537555,"улица Сибгата Хакима, 51",
756,56424857,"улица Рихарда Зорге, 82",
757,56424857,"улица Рихарда Зорге, 82",
758,47170539,"улица Мансура Хасанова, 13",
759,47170539,"улица Мансура Хасанова, 13",
760,49081746,"улица Рауиса Гареева, 78А",
761,49081746,"улица Рауиса Гареева, 78А",
762,47666494,"жилой комплекс Станция Спортивная, 2.2",
763,47666494,"жилой комплекс Станция Спортивная, 2.2",
764,39741862,"Шоссейная улица, 57",
765,39741862,"Шоссейная улица, 57",
766,205934,"Поперечно-Базарная улица, 59",
767,205934,"Поперечно-Базарная улица, 59",
768,16701385,"Роторная улица, 27Д",
769,16701385,"Роторная улица, 27Д",
770,47170539,"улица Мансура Хасанова, 13",
771,47170539,"улица Мансура Хасанова, 13",
772,56532583,"улица Азата Аббасова, 5",
773,56532583,"улица Азата Аббасова, 5",
774,205684,"улица Шаляпина, 12",
775,205684,"улица Шаляпина, 12",
776,205676,"Зилантовская улица, 22/15",
777,205676,"Зилантовская улица, 22/15",
778,47666494,"жилой комплекс Станция Спортивная, 2.2",
779,47666494,"жилой комплекс Станция Спортивная, 2.2",
780,56554343,"проспект Ямашева, 76",
781,56554343,"проспект Ямашева, 76",
782,29112369,"Роторная улица, 27Е",
783,29112369,"Роторная улица, 27Е",
784,218842,"проспект Универсиады, 10",
785,218842,"проспект Универсиады, 10",
786,56464898,"улица Азата Аббасова, 7",
787,56464898,"улица Азата Аббасова, 7",
788,27234749,"улица Аметьевская Магистраль, 16к4",
789,27234749,"улица Аметьевская Магистраль, 16к4",
790,41537555,"улица Сибгата Хакима, 51",
791,41537555,"улица Сибгата Хакима, 51",
792,33144267,"улица Баки Урманче, 11к3",
793,33144267,"улица Баки Урманче, 11к3",
794,86387,"улица Азата Аббасова, 10",
795,86387,"улица Азата Аббасова, 10",
796,27218234,"улица Новаторов, 8Б",
797,27218234,"улица Новаторов, 8Б",
798,205729,улица Меховщиков,
799,205729,улица Меховщиков,
800,372652,"улица Достоевского, 66/17",
801,372652,"улица Достоевского, 66/17",
802,205770,"улица Шуртыгина, 7",
803,205770,"улица Шуртыгина, 7",
804,1554965,"улица Академика Глушко, 9к1",
805,1554965,"улица Академика Глушко, 9к1",
806,206166,"улица Академика Глушко, 10",
807,206166,"улица Академика Глушко, 10",
808,620594,"Боевая улица, 161",
809,620594,"Боевая улица, 161",
810,29479973,"улица Фикрята Табеева, 3",
811,29479973,"улица Фикрята Табеева, 3",
812,87905,"улица Достоевского, 57",
813,87905,"улица Достоевского, 57",
814,29078113,"проспект Победы, 139Ак2",
815,29078113,"проспект Победы, 139Ак2",
816,1280343,"улица Сибгата Хакима, 7",
817,1280343,"улица Сибгата Хакима, 7",
818,219080,"улица Аметьевская Магистраль, 16к1",
819,219080,"улица Аметьевская Магистраль, 16к1",
820,164947,"Комсомольская улица, 1",
821,164947,"Комсомольская улица, 1",
822,39168447,"улица Абдуллы Бичурина, 13",
823,39168447,"улица Абдуллы Бичурина, 13",
824,39141821,"улица Братьев Касимовых, 35",
825,39141821,"улица Братьев Касимовых, 35",
826,35862434,"Дубравная улица, 49",
827,35862434,"Дубравная улица, 49",
828,56429960,"улица Алексея Козина, 9",
829,56429960,"улица Алексея Козина, 9",
830,370791,"улица Космонавтов, 61В",
831,370791,"улица Космонавтов, 61В",
832,205603,"Чистопольская улица, 71А",
833,205603,"Чистопольская улица, 71А",
834,38992609,"улица Новаторов, 8А",
835,38992609,"улица Новаторов, 8А",
836,22854882,"улица Халитова, 2",
837,22854882,"улица Халитова, 2",
838,29078113,"проспект Победы, 139Ак2",
839,29078113,"проспект Победы, 139Ак2",
840,165080,"улица Гаврилова, 28",
841,165080,"улица Гаврилова, 28",
842,219113,"улица Маршала Чуйкова, 33",
843,219113,"улица Маршала Чуйкова, 33",
844,54056998,"Танковая улица, 2",
845,54056998,"Танковая улица, 2",
846,36129887,"Дубравная улица, 43",
847,36129887,"Дубравная улица, 43",
848,432755,"улица Братьев Касимовых, 82А",
849,432755,"улица Братьев Касимовых, 82А",
850,42838023,"проспект Ильгама Шакирова, 19",
851,42838023,"проспект Ильгама Шакирова, 19",
852,29925767,"улица Братьев Батталовых, 20к2",
853,29925767,"улица Братьев Батталовых, 20к2",
854,56449322,"улица Сабира Ахтямова, 1к1",
855,56449322,"улица Сабира Ахтямова, 1к1",
856,56424857,"улица Рихарда Зорге, 82",
857,56424857,"улица Рихарда Зорге, 82",
858,371882,"Ютазинская улица, 16",
859,371882,"Ютазинская улица, 16",
860,3480600,"Ломжинская улица, 18",
861,3480600,"Ломжинская улица, 18",
862,29078113,"проспект Победы, 139Ак2",
863,29078113,"проспект Победы, 139Ак2",
864,35848358,"Дубравная улица, 47",
865,35848358,"Дубравная улица, 47",
866,36818927,"улица Вишневского, 57А",
867,36818927,"улица Вишневского, 57А",
868,36050518,"33-й Военный городок, 12",
869,36050518,"33-й Военный городок, 12",
870,36463,"Краснококшайская улица, 84",
871,36463,"Краснококшайская улица, 84",
872,407833,"Даурская улица, 48В",
873,407833,"Даурская улица, 48В",
874,50965766,"улица Ярдем, 3",
875,50965766,"улица Ярдем, 3",
876,87894,"улица Серова, 51/11",
877,87894,"улица Серова, 51/11",
878,56532576,"улица Азата Аббасова, 21А",
879,56532576,"улица Азата Аббасова, 21А",
880,48058022,"улица Лукина, 50А",
881,48058022,"улица Лукина, 50А",
882,56433892,"улица Николая Ершова, 65Б/2",
883,56433892,"улица Николая Ершова, 65Б/2",
884,49671603,"улица Гаврилова, 5Вк2",
885,49671603,"улица Гаврилова, 5Вк2",
886,47885179,"улица Академика Губкина, 12Б",
887,47885179,"улица Академика Губкина, 12Б",
888,335914,"Петербургская улица, 64",
889,335914,"Петербургская улица, 64",
890,16939355,"Детский проезд, 1к1",
891,16939355,"Детский проезд, 1к1",
892,33081465,"Чистопольская улица, 61Д",
893,33081465,"Чистопольская улица, 61Д",
894,219080,"улица Аметьевская Магистраль, 16к1",
895,219080,"улица Аметьевская Магистраль, 16к1",
896,1830647,"проспект Альберта Камалеева, 14",
897,1830647,"проспект Альберта Камалеева, 14",
898,205569,"Оренбургский тракт, 24Б",
899,205569,"Оренбургский тракт, 24Б",
900,205676,"Зилантовская улица, 22/15",
901,205676,"Зилантовская улица, 22/15",
902,41537555,"улица Сибгата Хакима, 51",
903,41537555,"улица Сибгата Хакима, 51",
904,206205,"Чистопольская улица, 60",
905,206205,"Чистопольская улица, 60",
906,86388,"улица Айрата Арсланова, 11",
907,86388,"улица Айрата Арсланова, 11",
908,1276419,"улица Серова, 13",
909,1276419,"улица Серова, 13",
910,200610,"улица Павлюхина, 110В",
911,200610,"улица Павлюхина, 110В",
912,745320,"улица Побежимова, 17",
913,745320,"улица Побежимова, 17",
914,46896143,"улица Абубекира Терегулова, 10А",
915,46896143,"улица Абубекира Терегулова, 10А",
916,28210373,"улица Хусаина Мавлютова, 17Ек1",
917,28210373,"улица Хусаина Мавлютова, 17Ек1",
918,39011023,"улица Чингиза Айтматова, 9",
919,39011023,"улица Чингиза Айтматова, 9",
920,38616989,"улица Серова, 43к2",
921,38616989,"улица Серова, 43к2",
922,47170539,"улица Мансура Хасанова, 13",
923,47170539,"улица Мансура Хасанова, 13",
924,695734,"улица Кулахметова, 25к1",
925,695734,"улица Кулахметова, 25к1",
926,42969431,"улица Комиссара Габишева, 18А",
927,42969431,"улица Комиссара Габишева, 18А",
928,56530451,"улица Айдарова, 18",
929,56530451,"улица Айдарова, 18",
930,40546328,"улица Генерала Махмута Гареева, 11/2",
931,40546328,"улица Генерала Махмута Гареева, 11/2",
932,28210373,"улица Хусаина Мавлютова, 17Ек1",
933,28210373,"улица Хусаина Мавлютова, 17Ек1",
934,410483,"Чистопольская улица, 61А",
935,410483,"Чистопольская улица, 61А",
936,134194,"проспект Альберта Камалеева, 1",
937,134194,"проспект Альберта Камалеева, 1",
938,218846,"улица Юлиуса Фучика, 151",
939,218846,"улица Юлиуса Фучика, 151",
940,41044881,"улица Четаева, 43А",
941,41044881,"улица Четаева, 43А",
942,39907359,"улица Четаева, 14Ак2",
943,39907359,"улица Четаева, 14Ак2",
944,29645825,"улица Аметьевская Магистраль, 18к2",
945,29645825,"улица Аметьевская Магистраль, 18к2",
946,1454969,"улица Салиха Батыева, 21",
947,1454969,"улица Салиха Батыева, 21",
948,41044881,"улица Четаева, 43А",
949,41044881,"улица Четаева, 43А",
950,56429960,"улица Алексея Козина, 9",
951,56429960,"улица Алексея Козина, 9",
952,218956,"улица Фатыха Амирхана, 14Б",
953,218956,"улица Фатыха Амирхана, 14Б",
954,47512039,"жилой комплекс Нокса Парк, 1",
955,47512039,"жилой комплекс Нокса Парк, 1",
956,39011023,"улица Чингиза Айтматова, 9",
957,39011023,"улица Чингиза Айтматова, 9",
958,39741862,"Шоссейная улица, 57",
959,39741862,"Шоссейная улица, 57",
960,56547178,"Тэцевская улица, 4",
961,56547178,"Тэцевская улица, 4",
962,27234749,"улица Аметьевская Магистраль, 16к4",
963,27234749,"улица Аметьевская Магистраль, 16к4",
964,48134982,"улица Сибирский Тракт, 13",
965,48134982,"улица Сибирский Тракт, 13",
966,5446655,"улица Аметьевская Магистраль, 6",
967,5446655,"улица Аметьевская Магистраль, 6",
968,37112957,"улица Мира, 62к2",
969,37112957,"улица Мира, 62к2",
970,36301,"Щербаковский переулок, 7",
971,36301,"Щербаковский переулок, 7",
972,39741862,"Шоссейная улица, 57",
973,39741862,"Шоссейная улица, 57",
974,16723832,"улица Нурихана Фаттаха, 17/4",
975,16723832,"улица Нурихана Фаттаха, 17/4",
976,362607,"проспект Победы, 139к2",
977,362607,"проспект Победы, 139к2",
978,36818927,"улица Вишневского, 57А",
979,36818927,"улица Вишневского, 57А",
980,362579,улица Рашида Нежметдинова,
981,362579,улица Рашида Нежметдинова,
982,47170539,"улица Мансура Хасанова, 13",
983,47170539,"улица Мансура Хасанова, 13",
984,44251120,жилой комплекс Савин Фемили,
985,44251120,жилой комплекс Савин Фемили,
986,36458,Краснококшайская улица,
987,36458,Краснококшайская улица,
988,43357572,жилой комплекс Максат,
989,43357572,жилой комплекс Максат,
990,47170539,"улица Мансура Хасанова, 13",
991,47170539,"улица Мансура Хасанова, 13",
992,36050517,33-й Военный городок,
993,36050517,33-й Военный городок,
994,84221,улица Сибгата Хакима,
995,84221,улица Сибгата Хакима,
996,36458,Краснококшайская улица,
997,36458,Краснококшайская улица,
998,36458,Краснококшайская улица,
999,36458,Краснококшайская улица,
1000,17037610,"улица Карбышева, 12А",
1001,17037610,"улица Карбышева, 12А",
1002,35911544,жилой комплекс Весна 2,
1003,35911544,жилой комплекс Весна 2,
1004,362579,улица Рашида Нежметдинова,
1005,362579,улица Рашида Нежметдинова,
1006,47170539,"улица Мансура Хасанова, 13",
1007,47170539,"улица Мансура Хасанова, 13",
1008,49934048,"Бухарская улица, 32к1",
1009,49934048,"Бухарская улица, 32к1",
1010,36050517,33-й Военный городок,
1011,36050517,33-й Военный городок,
1012,22776055,жилой комплекс Мой Ритм,
1013,22776055,жилой комплекс Мой Ритм,
1014,22776055,жилой комплекс Мой Ритм,
1015,22776055,жилой комплекс Мой Ритм,
1016,35911544,жилой комплекс Весна 2,
1017,35911544,жилой комплекс Весна 2,
1018,362579,улица Рашида Нежметдинова,
1019,362579,улица Рашида Нежметдинова,
1020,35911544,жилой комплекс Весна 2,
1021,35911544,жилой комплекс Весна 2,
1022,17037610,"улица Карбышева, 12А",
1023,17037610,"улица Карбышева, 12А",
1024,17037610,"улица Карбышева, 12А",
1025,17037610,"улица Карбышева, 12А",
1026,84221,улица Сибгата Хакима,
1027,84221,улица Сибгата Хакима,
1028,36050517,33-й Военный городок,
1029,36050517,33-й Военный городок,
1030,43357572,жилой комплекс Максат,
1031,43357572,жилой комплекс Максат,
1032,40980825,улица Мансура Хасанова,
1033,40980825,улица Мансура Хасанова,
1034,362579,улица Рашида Нежметдинова,
1035,362579,улица Рашида Нежметдинова,
1036,47170539,"улица Мансура Хасанова, 13",
1037,47170539,"улица Мансура Хасанова, 13",
1038,17037610,"улица Карбышева, 12А",
1039,17037610,"улица Карбышева, 12А",
1040,36458,Краснококшайская улица,
1041,36458,Краснококшайская улица,
1042,47170539,"улица Мансура Хасанова, 13",
1043,47170539,"улица Мансура Хасанова, 13",
1044,49934048,"Бухарская улица, 32к1",
1045,49934048,"Бухарская улица, 32к1",
1046,44251120,жилой комплекс Савин Фемили,
1047,44251120,жилой комплекс Савин Фемили,
1048,35853055,жилой комплекс Светлая Долина,
1049,35853055,жилой комплекс Светлая Долина,
1050,362579,улица Рашида Нежметдинова,
1051,362579,улица Рашида Нежметдинова,
1052,362579,улица Рашида Нежметдинова,
1053,362579,улица Рашида Нежметдинова,
1054,362579,улица Рашида Нежметдинова,
1055,362579,улица Рашида Нежметдинова,
1056,362579,улица Рашида Нежметдинова,
1057,362579,улица Рашида Нежметдинова,
1058,362579,улица Рашида Нежметдинова,
1059,362579,улица Рашида Нежметдинова,
1060,22776055,жилой комплекс Мой Ритм,
1061,22776055,жилой комплекс Мой Ритм,
1062,22776055,жилой комплекс Мой Ритм,
1063,22776055,жилой комплекс Мой Ритм,
1064,22776055,жилой комплекс Мой Ритм,
1065,22776055,жилой комплекс Мой Ритм,
1066,22776055,жилой комплекс Мой Ритм,
1067,22776055,жилой комплекс Мой Ритм,
1068,22776055,жилой комплекс Мой Ритм,
1069,22776055,жилой комплекс Мой Ритм,
1070,22776055,жилой комплекс Мой Ритм,
1071,22776055,жилой комплекс Мой Ритм,
1072,22776055,жилой комплекс Мой Ритм,
1073,22776055,жилой комплекс Мой Ритм,
1074,22776055,жилой комплекс Мой Ритм,
1075,22776055,жилой комплекс Мой Ритм,
1076,22776055,жилой комплекс Мой Ритм,
1077,22776055,жилой комплекс Мой Ритм,
1078,22776055,жилой комплекс Мой Ритм,
1079,22776055,жилой комплекс Мой Ритм,
1080,22776055,жилой комплекс Мой Ритм,
1081,22776055,жилой комплекс Мой Ритм,
1082,22776055,жилой комплекс Мой Ритм,
1083,22776055,жилой комплекс Мой Ритм,
1084,22776055,жилой комплекс Мой Ритм,
1085,22776055,жилой комплекс Мой Ритм,
1086,22776055,жилой комплекс Мой Ритм,
1087,22776055,жилой комплекс Мой Ритм,
1088,22776055,жилой комплекс Мой Ритм,
1089,22776055,жилой комплекс Мой Ритм,
1090,22776055,жилой комплекс Мой Ритм,
1091,22776055,жилой комплекс Мой Ритм,
1092,22776055,жилой комплекс Мой Ритм,
1093,22776055,жилой комплекс Мой Ритм,
1094,22776055,жилой комплекс Мой Ритм,
1095,22776055,жилой комплекс Мой Ритм,
1096,22776055,жилой комплекс Мой Ритм,
1097,22776055,жилой комплекс Мой Ритм,
1098,22776055,жилой комплекс Мой Ритм,
1099,22776055,жилой комплекс Мой Ритм,
1100,22776055,жилой комплекс Мой Ритм,
1101,22776055,жилой комплекс Мой Ритм,
1102,22776055,жилой комплекс Мой Ритм,
1103,22776055,жилой комплекс Мой Ритм,
1104,22776055,жилой комплекс Мой Ритм,
1105,22776055,жилой комплекс Мой Ритм,
1106,22776055,жилой комплекс Мой Ритм,
1107,22776055,жилой комплекс Мой Ритм,
1108,22776055,жилой комплекс Мой Ритм,
1109,22776055,жилой комплекс Мой Ритм,
1110,22776055,жилой комплекс Мой Ритм,
1111,22776055,жилой комплекс Мой Ритм,
1112,22776055,жилой комплекс Мой Ритм,
1113,22776055,жилой комплекс Мой Ритм,
1114,22776055,жилой комплекс Мой Ритм,
1115,22776055,жилой комплекс Мой Ритм,
1116,22776055,жилой комплекс Мой Ритм,
1117,22776055,жилой комплекс Мой Ритм,
1118,22776055,жилой комплекс Мой Ритм,
1119,22776055,жилой комплекс Мой Ритм,
1120,22776055,жилой комплекс Мой Ритм,
1121,22776055,жилой комплекс Мой Ритм,
1122,22776055,жилой комплекс Мой Ритм,
1123,22776055,жилой комплекс Мой Ритм,
1124,22776055,жилой комплекс Мой Ритм,
1125,22776055,жилой комплекс Мой Ритм,
1126,22776055,жилой комплекс Мой Ритм,
1127,22776055,жилой комплекс Мой Ритм,
1128,22776055,жилой комплекс Мой Ритм,
1129,22776055,жилой комплекс Мой Ритм,
1130,22776055,жилой комплекс Мой Ритм,
1131,22776055,жилой комплекс Мой Ритм,
1132,22776055,жилой комплекс Мой Ритм,
1133,22776055,жилой комплекс Мой Ритм,
1134,22776055,жилой комплекс Мой Ритм,
1135,22776055,жилой комплекс Мой Ритм,
1136,22776055,жилой комплекс Мой Ритм,
1137,22776055,жилой комплекс Мой Ритм,
1138,22776055,жилой комплекс Мой Ритм,
1139,22776055,жилой комплекс Мой Ритм,
1140,22776055,жилой комплекс Мой Ритм,
1141,22776055,жилой комплекс Мой Ритм,
1142,22776055,жилой комплекс Мой Ритм,
1143,22776055,жилой комплекс Мой Ритм,
1144,22776055,жилой комплекс Мой Ритм,
1145,22776055,жилой комплекс Мой Ритм,
1146,22776055,жилой комплекс Мой Ритм,
1147,22776055,жилой комплекс Мой Ритм,
1148,22776055,жилой комплекс Мой Ритм,
1149,22776055,жилой комплекс Мой Ритм,
1150,22776055,жилой комплекс Мой Ритм,
1151,22776055,жилой комплекс Мой Ритм,
1152,22776055,жилой комплекс Мой Ритм,
1153,22776055,жилой комплекс Мой Ритм,
1154,22776055,жилой комплекс Мой Ритм,
1155,22776055,жилой комплекс Мой Ритм,
1156,22776055,жилой комплекс Мой Ритм,
1157,22776055,жилой комплекс Мой Ритм,
1158,47235687,"жилой комплекс Сиберово, 1",
1159,47235687,"жилой комплекс Сиберово, 1",
1160,47235687,"жилой комплекс Сиберово, 1",
1161,47235687,"жилой комплекс Сиберово, 1",
1162,47235687,"жилой комплекс Сиберово, 1",
1163,47235687,"жилой комплекс Сиберово, 1",
1164,47235687,"жилой комплекс Сиберово, 1",
1165,47235687,"жилой комплекс Сиберово, 1",
1166,47235687,"жилой комплекс Сиберово, 1",
1167,47235687,"жилой комплекс Сиберово, 1",
1168,47235687,"жилой комплекс Сиберово, 1",
1169,47235687,"жилой комплекс Сиберово, 1",
1170,47235687,"жилой комплекс Сиберово, 1",
1171,47235687,"жилой комплекс Сиберово, 1",
1172,47235687,"жилой комплекс Сиберово, 1",
1173,47235687,"жилой комплекс Сиберово, 1",
1174,47235687,"жилой комплекс Сиберово, 1",
1175,47235687,"жилой комплекс Сиберово, 1",
1176,47235687,"жилой комплекс Сиберово, 1",
1177,47235687,"жилой комплекс Сиберово, 1",
1178,47235687,"жилой комплекс Сиберово, 1",
1179,47235687,"жилой комплекс Сиберово, 1",
1180,47235687,"жилой комплекс Сиберово, 1",
1181,47235687,"жилой комплекс Сиберово, 1",
1182,47235687,"жилой комплекс Сиберово, 1",
1183,47235687,"жилой комплекс Сиберово, 1",
1184,47235687,"жилой комплекс Сиберово, 1",
1185,47235687,"жилой комплекс Сиберово, 1",
1186,47235687,"жилой комплекс Сиберово, 1",
1187,47235687,"жилой комплекс Сиберово, 1",
1188,47235687,"жилой комплекс Сиберово, 1",
1189,47235687,"жилой комплекс Сиберово, 1",
1190,47235687,"жилой комплекс Сиберово, 1",
1191,47235687,"жилой комплекс Сиберово, 1",
1192,47235687,"жилой комплекс Сиберово, 1",
1193,47235687,"жилой комплекс Сиберово, 1",
1194,44251120,жилой комплекс Савин Фемили,
1195,44251120,жилой комплекс Савин Фемили,
1196,44251120,жилой комплекс Савин Фемили,
1197,44251120,жилой комплекс Савин Фемили,
1198,51349455,улица Асада Аббасова,
1199,51349455,улица Асада Аббасова,
1200,51349455,улица Асада Аббасова,
1201,51349455,улица Асада Аббасова,
1202,51349455,улица Асада Аббасова,
1203,51349455,улица Асада Аббасова,
1204,51349455,улица Асада Аббасова,
1205,51349455,улица Асада Аббасова,
1206,51349455,улица Асада Аббасова,
1207,51349455,улица Асада Аббасова,
1208,51349455,улица Асада Аббасова,
1209,51349455,улица Асада Аббасова,
1210,51349455,улица Асада Аббасова,
1211,51349455,улица Асада Аббасова,
1212,51349455,улица Асада Аббасова,
1213,51349455,улица Асада Аббасова,
1214,51349455,улица Асада Аббасова,
1215,51349455,улица Асада Аббасова,
1216,51349455,улица Асада Аббасова,
1217,51349455,улица Асада Аббасова,
1218,51349455,улица Асада Аббасова,
1219,51349455,улица Асада Аббасова,
1220,41780604,жилой комплекс Нокса Парк,
1221,41780604,жилой комплекс Нокса Парк,
1222,41780604,жилой комплекс Нокса Парк,
1223,41780604,жилой комплекс Нокса Парк,
1224,41780604,жилой комплекс Нокса Парк,
1225,41780604,жилой комплекс Нокса Парк,
1226,41780604,жилой комплекс Нокса Парк,
1227,41780604,жилой комплекс Нокса Парк,
1228,41780604,жилой комплекс Нокса Парк,
1229,41780604,жилой комплекс Нокса Парк,
1230,41780604,жилой комплекс Нокса Парк,
1231,41780604,жилой комплекс Нокса Парк,
1232,51349455,улица Асада Аббасова,
1233,51349455,улица Асада Аббасова,
1234,51349455,улица Асада Аббасова,
1235,51349455,улица Асада Аббасова,
1236,51349455,улица Асада Аббасова,
1237,51349455,улица Асада Аббасова,
1238,46993961,"улица Ильича, 46",
1239,46993961,"улица Ильича, 46",
1240,46993961,"улица Ильича, 46",
1241,46993961,"улица Ильича, 46",
1242,46993961,"улица Ильича, 46",
1243,46993961,"улица Ильича, 46",
1244,46993961,"улица Ильича, 46",
1245,46993961,"улица Ильича, 46",
1246,46993961,"улица Ильича, 46",
1247,46993961,"улица Ильича, 46",
1248,46993961,"улица Ильича, 46",
1249,46993961,"улица Ильича, 46",
1250,46993961,"улица Ильича, 46",
1251,46993961,"улица Ильича, 46",
1252,46993961,"улица Ильича, 46",
1253,46993961,"улица Ильича, 46",
1254,46993961,"улица Ильича, 46",
1255,46993961,"улица Ильича, 46",
1256,40980825,улица Мансура Хасанова,
1257,40980825,улица Мансура Хасанова,
1258,40980825,улица Мансура Хасанова,
1259,40980825,улица Мансура Хасанова,
1260,40980825,улица Мансура Хасанова,
1261,40980825,улица Мансура Хасанова,
1262,40980825,улица Мансура Хасанова,
1263,40980825,улица Мансура Хасанова,
1264,50039946,"улица Мансура Хасанова, 15",
1265,50039946,"улица Мансура Хасанова, 15",
1266,47170539,"улица Мансура Хасанова, 13",
1267,47170539,"улица Мансура Хасанова, 13",
1268,47170539,"улица Мансура Хасанова, 13",
1269,47170539,"улица Мансура Хасанова, 13",
1270,47170539,"улица Мансура Хасанова, 13",
1271,47170539,"улица Мансура Хасанова, 13",
1272,47170539,"улица Мансура Хасанова, 13",
1273,47170539,"улица Мансура Хасанова, 13",
1274,41649105,"улица Михаила Миля, 1",
1275,41649105,"улица Михаила Миля, 1",
1276,41649105,"улица Михаила Миля, 1",
1277,41649105,"улица Михаила Миля, 1",
1278,41649105,"улица Михаила Миля, 1",
1279,41649105,"улица Михаила Миля, 1",
1280,41649105,"улица Михаила Миля, 1",
1281,41649105,"улица Михаила Миля, 1",
1282,17037610,"улица Карбышева, 12А",
1283,17037610,"улица Карбышева, 12А",
1284,17037610,"улица Карбышева, 12А",
1285,17037610,"улица Карбышева, 12А",
1286,17037610,"улица Карбышева, 12А",
1287,17037610,"улица Карбышева, 12А",
1288,23816308,"улица Рауиса Гареева, 111к1",
1289,23816308,"улица Рауиса Гареева, 111к1",
1290,23816308,"улица Рауиса Гареева, 111к1",
1291,23816308,"улица Рауиса Гареева, 111к1",
1292,23816308,"улица Рауиса Гареева, 111к1",
1293,23816308,"улица Рауиса Гареева, 111к1",
1294,23816308,"улица Рауиса Гареева, 111к1",
1295,23816308,"улица Рауиса Гареева, 111к1",
1296,16939355,"Детский проезд, 1к1",
1297,16939355,"Детский проезд, 1к1",
1298,16939355,"Детский проезд, 1к1",
1299,16939355,"Детский проезд, 1к1",
1300,16939355,"Детский проезд, 1к1",
1301,16939355,"Детский проезд, 1к1",
1302,16939355,"Детский проезд, 1к1",
1303,16939355,"Детский проезд, 1к1",
1304,16939355,"Детский проезд, 1к1",
1305,16939355,"Детский проезд, 1к1",
1306,16939355,"Детский проезд, 1к1",
1307,16939355,"Детский проезд, 1к1",
1308,16939355,"Детский проезд, 1к1",
1309,16939355,"Детский проезд, 1к1",
1310,16939355,"Детский проезд, 1к1",
1311,16939355,"Детский проезд, 1к1",
1312,16939355,"Детский проезд, 1к1",
1313,16939355,"Детский проезд, 1к1",
1314,16939355,"Детский проезд, 1к1",
1315,16939355,"Детский проезд, 1к1",
1316,16939355,"Детский проезд, 1к1",
1317,16939355,"Детский проезд, 1к1",
1318,16939355,"Детский проезд, 1к1",
1319,16939355,"Детский проезд, 1к1",
1320,16939355,"Детский проезд, 1к1",
1321,16939355,"Детский проезд, 1к1",
1322,16939355,"Детский проезд, 1к1",
1323,16939355,"Детский проезд, 1к1",
1324,16939355,"Детский проезд, 1к1",
1325,16939355,"Детский проезд, 1к1",
1326,16939355,"Детский проезд, 1к1",
1327,16939355,"Детский проезд, 1к1",
1328,16939355,"Детский проезд, 1к1",
1329,16939355,"Детский проезд, 1к1",
1330,16939355,"Детский проезд, 1к1",
1331,16939355,"Детский проезд, 1к1",
1332,16939355,"Детский проезд, 1к1",
1333,16939355,"Детский проезд, 1к1",
1334,206040,"улица Гарифа Ахунова, 6",
1335,206040,"улица Гарифа Ахунова, 6",
1336,206040,"улица Гарифа Ахунова, 6",
1337,206040,"улица Гарифа Ахунова, 6",
1338,206040,"улица Гарифа Ахунова, 6",
1339,206040,"улица Гарифа Ахунова, 6",
1340,206040,"улица Гарифа Ахунова, 6",
1341,206040,"улица Гарифа Ахунова, 6",
1342,206040,"улица Гарифа Ахунова, 6",
1343,206040,"улица Гарифа Ахунова, 6",
1344,36458,Краснококшайская улица,
1345,36458,Краснококшайская улица,
1346,36458,Краснококшайская улица,
1347,36458,Краснококшайская улица,
1348,36458,Краснококшайская улица,
1349,36458,Краснококшайская улица,
1350,36458,Краснококшайская улица,
1351,36458,Краснококшайская улица,
1352,36458,Краснококшайская улица,
1353,36458,Краснококшайская улица,
1354,36458,Краснококшайская улица,
1355,36458,Краснококшайская улица,
1356,36458,Краснококшайская улица,
1357,36458,Краснококшайская улица,
1358,36458,Краснококшайская улица,
1359,36458,Краснококшайская улица,
1360,36458,Краснококшайская улица,
1361,36458,Краснококшайская улица,
1362,36458,Краснококшайская улица,
1363,36458,Краснококшайская улица,
1364,36458,Краснококшайская улица,
1365,36458,Краснококшайская улица,
1366,205959,улица Владимира Кулагина,
1367,205959,улица Владимира Кулагина,
1368,205959,улица Владимира Кулагина,
1369,205959,улица Владимира Кулагина,
1370,205959,улица Владимира Кулагина,
1371,205959,улица Владимира Кулагина,
1372,205959,улица Владимира Кулагина,
1373,205959,улица Владимира Кулагина,
1374,205959,улица Владимира Кулагина,
1375,205959,улица Владимира Кулагина,
1376,205959,улица Владимира Кулагина,
1377,205959,улица Владимира Кулагина,
1378,205959,улица Владимира Кулагина,
1379,205959,улица Владимира Кулагина,
1380,205959,улица Владимира Кулагина,
1381,205959,улица Владимира Кулагина,
1382,205959,улица Владимира Кулагина,
1383,205959,улица Владимира Кулагина,
1384,205959,улица Владимира Кулагина,
1385,205959,улица Владимира Кулагина,
1386,205959,улица Владимира Кулагина,
1387,205959,улица Владимира Кулагина,
1388,205959,улица Владимира Кулагина,
1389,205959,улица Владимира Кулагина,
1390,205959,улица Владимира Кулагина,
1391,205959,улица Владимира Кулагина,
1392,205959,улица Владимира Кулагина,
1393,205959,улица Владимира Кулагина,
1394,205959,улица Владимира Кулагина,
1395,205959,улица Владимира Кулагина,
1396,205959,улица Владимира Кулагина,
1397,205959,улица Владимира Кулагина,
1398,205959,улица Владимира Кулагина,
1399,205959,улица Владимира Кулагина,
1400,205959,улица Владимира Кулагина,
1401,205959,улица Владимира Кулагина,
1402,205959,улица Владимира Кулагина,
1403,205959,улица Владимира Кулагина,
1404,205959,улица Владимира Кулагина,
1405,205959,улица Владимира Кулагина,
1406,205959,улица Владимира Кулагина,
1407,205959,улица Владимира Кулагина,
1408,205959,улица Владимира Кулагина,
1409,205959,улица Владимира Кулагина,
1410,205959,улица Владимира Кулагина,
1411,205959,улица Владимира Кулагина,
1412,205959,улица Владимира Кулагина,
1413,205959,улица Владимира Кулагина,
1414,205959,улица Владимира Кулагина,
1415,205959,улица Владимира Кулагина,
1416,205959,улица Владимира Кулагина,
1417,205959,улица Владимира Кулагина,
1418,205959,улица Владимира Кулагина,
1419,205959,улица Владимира Кулагина,
1420,205959,улица Владимира Кулагина,
1421,205959,улица Владимира Кулагина,
1422,205959,улица Владимира Кулагина,
1423,205959,улица Владимира Кулагина,
1424,205959,улица Владимира Кулагина,
1425,205959,улица Владимира Кулагина,
1426,205959,улица Владимира Кулагина,
1427,205959,улица Владимира Кулагина,
1428,205959,улица Владимира Кулагина,
1429,205959,улица Владимира Кулагина,
1430,205959,улица Владимира Кулагина,
1431,205959,улица Владимира Кулагина,
1432,205959,улица Владимира Кулагина,
1433,205959,улица Владимира Кулагина,
1434,205959,улица Владимира Кулагина,
1435,205959,улица Владимира Кулагина,
1436,205959,улица Владимира Кулагина,
1437,205959,улица Владимира Кулагина,
1438,35874929,жилой массив Ферма-2,
1439,35874929,жилой массив Ферма-2,
1440,35874929,жилой массив Ферма-2,
1441,35874929,жилой массив Ферма-2,
1442,35874929,жилой массив Ферма-2,
1443,35874929,жилой массив Ферма-2,
1444,35874929,жилой массив Ферма-2,
1445,35874929,жилой массив Ферма-2,
1446,35874929,жилой массив Ферма-2,
1447,35874929,жилой массив Ферма-2,
1448,35874929,жилой массив Ферма-2,
1449,35874929,жилой массив Ферма-2,
1450,35874929,жилой массив Ферма-2,
1451,35874929,жилой массив Ферма-2,
1452,51494062,"улица Кул Гали, 29",
1453,51494062,"улица Кул Гали, 29",
1454,51494062,"улица Кул Гали, 29",
1455,51494062,"улица Кул Гали, 29",
1456,4595497,улица Хади Атласи,
1457,4595497,улица Хади Атласи,
1458,4595497,улица Хади Атласи,
1459,4595497,улица Хади Атласи,
1460,4595497,улица Хади Атласи,
1461,4595497,улица Хади Атласи,
1462,1275802,Южно-Промышленная улица,
1463,1275802,Южно-Промышленная улица,
1464,1275802,Южно-Промышленная улица,
1465,1275802,Южно-Промышленная улица,
1466,1275802,Южно-Промышленная улица,
1467,1275802,Южно-Промышленная улица,
1468,1275802,Южно-Промышленная улица,
1469,1275802,Южно-Промышленная улица,
1470,1275802,Южно-Промышленная улица,
1471,1275802,Южно-Промышленная улица,
1472,1275802,Южно-Промышленная улица,
1473,1275802,Южно-Промышленная улица,
1474,1275802,Южно-Промышленная улица,
1475,1275802,Южно-Промышленная улица,
1476,1275802,Южно-Промышленная улица,
1477,1275802,Южно-Промышленная улица,
1478,1275802,Южно-Промышленная улица,
1479,1275802,Южно-Промышленная улица,
1480,1275802,Южно-Промышленная улица,
1481,1275802,Южно-Промышленная улица,
1482,1275802,Южно-Промышленная улица,
1483,1275802,Южно-Промышленная улица,
1484,55814278,"жилой комплекс Притяжение, 2",
1485,55814278,"жилой комплекс Притяжение, 2",
1486,55814278,"жилой комплекс Притяжение, 2",
1487,55814278,"жилой комплекс Притяжение, 2",
1488,55814278,"жилой комплекс Притяжение, 2",
1489,55814278,"жилой комплекс Притяжение, 2",
1490,55814278,"жилой комплекс Притяжение, 2",
1491,55814278,"жилой комплекс Притяжение, 2",
1492,55814278,"жилой комплекс Притяжение, 2",
1493,55814278,"жилой комплекс Притяжение, 2",
1494,55814278,"жилой комплекс Притяжение, 2",
1495,55814278,"жилой комплекс Притяжение, 2",
1496,55814278,"жилой комплекс Притяжение, 2",
1497,55814278,"жилой комплекс Притяжение, 2",
1498,55814278,"жилой комплекс Притяжение, 2",
1499,55814278,"жилой комплекс Притяжение, 2",
1500,55814278,"жилой комплекс Притяжение, 2",
1501,55814278,"жилой комплекс Притяжение, 2",
1502,55814278,"жилой комплекс Притяжение, 2",
1503,55814278,"жилой комплекс Притяжение, 2",
1504,55814278,"жилой комплекс Притяжение, 2",
1505,55814278,"жилой комплекс Притяжение, 2",
1506,55814278,"жилой комплекс Притяжение, 2",
1507,55814278,"жилой комплекс Притяжение, 2",
1508,55814278,"жилой комплекс Притяжение, 2",
1509,55814278,"жилой комплекс Притяжение, 2",
1510,29925767,"улица Братьев Батталовых, 20к2",
1511,29925767,"улица Братьев Батталовых, 20к2",
1512,29925767,"улица Братьев Батталовых, 20к2",
1513,29925767,"улица Братьев Батталовых, 20к2",
1514,29925767,"улица Братьев Батталовых, 20к2",
1515,29925767,"улица Братьев Батталовых, 20к2",
1516,29925767,"улица Братьев Батталовых, 20к2",
1517,29925767,"улица Братьев Батталовых, 20к2",
1518,29925767,"улица Братьев Батталовых, 20к2",
1519,29925767,"улица Братьев Батталовых, 20к2",
1520,29925767,"улица Братьев Батталовых, 20к2",
1521,29925767,"улица Братьев Батталовых, 20к2",
1522,29925767,"улица Братьев Батталовых, 20к2",
1523,29925767,"улица Братьев Батталовых, 20к2",
1524,29925767,"улица Братьев Батталовых, 20к2",
1525,29925767,"улица Братьев Батталовых, 20к2",
1526,29925767,"улица Братьев Батталовых, 20к2",
1527,29925767,"улица Братьев Батталовых, 20к2",
1528,29925767,"улица Братьев Батталовых, 20к2",
1529,29925767,"улица Братьев Батталовых, 20к2",
1530,29925767,"улица Братьев Батталовых, 20к2",
1531,29925767,"улица Братьев Батталовых, 20к2",
1532,29925767,"улица Братьев Батталовых, 20к2",
1533,29925767,"улица Братьев Батталовых, 20к2",
1534,36502,Адмиралтейская улица,
1535,36502,Адмиралтейская улица,
1536,36502,Адмиралтейская улица,
1537,36502,Адмиралтейская улица,
1538,36502,Адмиралтейская улица,
1539,36502,Адмиралтейская улица,
1540,36502,Адмиралтейская улица,
1541,36502,Адмиралтейская улица,
1542,36502,Адмиралтейская улица,
1543,36502,Адмиралтейская улица,
1544,33802942,"улица Рауиса Гареева, 78",
1545,33802942,"улица Рауиса Гареева, 78",
1546,42069497,"улица Серова, 41А",
1547,42069497,"улица Серова, 41А",
1548,49934048,"Бухарская улица, 32к1",
1549,49934048,"Бухарская улица, 32к1",
1550,49934048,"Бухарская улица, 32к1",
1551,49934048,"Бухарская улица, 32к1",
1552,49934048,"Бухарская улица, 32к1",
1553,49934048,"Бухарская улица, 32к1",
1554,36109940,жилой комплекс Яратам,
1555,36109940,жилой комплекс Яратам,
1556,48441784,жилой комплекс Нова,
1557,48441784,жилой комплекс Нова,
1558,48441784,жилой комплекс Нова,
1559,48441784,жилой комплекс Нова,
1560,48441784,жилой комплекс Нова,
1561,48441784,жилой комплекс Нова,
1562,48441784,жилой комплекс Нова,
1563,48441784,жилой комплекс Нова,
1564,48441784,жилой комплекс Нова,
1565,48441784,жилой комплекс Нова,
1566,48441784,жилой комплекс Нова,
1567,48441784,жилой комплекс Нова,
1568,48441784,жилой комплекс Нова,
1569,48441784,жилой комплекс Нова,
1570,40231188,"Портовая улица, 1225",
1571,40231188,"Портовая улица, 1225",
1572,40231188,"Портовая улица, 1225",
1573,40231188,"Портовая улица, 1225",
1574,40231188,"Портовая улица, 1225",
1575,40231188,"Портовая улица, 1225",
1576,40231188,"Портовая улица, 1225",
1577,40231188,"Портовая улица, 1225",
1578,40231188,"Портовая улица, 1225",
1579,40231188,"Портовая улица, 1225",
1580,40231188,"Портовая улица, 1225",
1581,40231188,"Портовая улица, 1225",
1582,40231188,"Портовая улица, 1225",
1583,40231188,"Портовая улица, 1225",
1584,40231188,"Портовая улица, 1225",
1585,40231188,"Портовая улица, 1225",
1586,40231188,"Портовая улица, 1225",
1587,40231188,"Портовая улица, 1225",
1588,40231188,"Портовая улица, 1225",
1589,40231188,"Портовая улица, 1225",
1590,35911544,жилой комплекс Весна 2,
1591,35911544,жилой комплекс Весна 2,
1592,35911544,жилой комплекс Весна 2,
1593,35911544,жилой комплекс Весна 2,
1594,35911544,жилой комплекс Весна 2,
1595,35911544,жилой комплекс Весна 2,
1596,35911544,жилой комплекс Весна 2,
1597,35911544,жилой комплекс Весна 2,
1598,35911544,жилой комплекс Весна 2,
1599,35911544,жилой комплекс Весна 2,
1600,35911544,жилой комплекс Весна 2,
1601,35911544,жилой комплекс Весна 2,
1602,35911544,жилой комплекс Весна 2,
1603,35911544,жилой комплекс Весна 2,
1604,35911544,жилой комплекс Весна 2,
1605,35911544,жилой комплекс Весна 2,
1606,35911544,жилой комплекс Весна 2,
1607,35911544,жилой комплекс Весна 2,
1608,35911544,жилой комплекс Весна 2,
1609,35911544,жилой комплекс Весна 2,
1610,35911544,жилой комплекс Весна 2,
1611,35911544,жилой комплекс Весна 2,
1612,35911544,жилой комплекс Весна 2,
1613,35911544,жилой комплекс Весна 2,
1614,35911544,жилой комплекс Весна 2,
1615,35911544,жилой комплекс Весна 2,
1616,35911544,жилой комплекс Весна 2,
1617,35911544,жилой комплекс Весна 2,
1618,42174121,жилой комплекс Кастура Таун,
1619,42174121,жилой комплекс Кастура Таун,
1620,42174121,жилой комплекс Кастура Таун,
1621,42174121,жилой комплекс Кастура Таун,
1622,42174121,жилой комплекс Кастура Таун,
1623,42174121,жилой комплекс Кастура Таун,
1624,218977,улица Алексея Козина,
1625,218977,улица Алексея Козина,
1626,218977,улица Алексея Козина,
1627,218977,улица Алексея Козина,
1628,218977,улица Алексея Козина,
1629,218977,улица Алексея Козина,
1630,218977,улица Алексея Козина,
1631,218977,улица Алексея Козина,
1632,218977,улица Алексея Козина,
1633,218977,улица Алексея Козина,
1634,218977,улица Алексея Козина,
1635,218977,улица Алексея Козина,
1636,43357572,жилой комплекс Максат,
1637,43357572,жилой комплекс Максат,
1638,43357572,жилой комплекс Максат,
1639,43357572,жилой комплекс Максат,
1640,43357572,жилой комплекс Максат,
1641,43357572,жилой комплекс Максат,
1642,36050517,33-й Военный городок,
1643,36050517,33-й Военный городок,
1644,36050517,33-й Военный городок,
1645,36050517,33-й Военный городок,
1646,36050517,33-й Военный городок,
1647,36050517,33-й Военный городок,
1648,36050517,33-й Военный городок,
1649,36050517,33-й Военный городок,
1650,36050517,33-й Военный городок,
1651,36050517,33-й Военный городок,
1652,36050517,33-й Военный городок,
1653,36050517,33-й Военный городок,
1654,36050517,33-й Военный городок,
1655,36050517,33-й Военный городок,
1656,36050517,33-й Военный городок,
1657,36050517,33-й Военный городок,
1658,36050517,33-й Военный городок,
1659,36050517,33-й Военный городок,
1660,36050517,33-й Военный городок,
1661,36050517,33-й Военный городок,
1662,36050517,33-й Военный городок,
1663,36050517,33-й Военный городок,
1664,36050517,33-й Военный городок,
1665,36050517,33-й Военный городок,
1666,36050517,33-й Военный городок,
1667,36050517,33-й Военный городок,
1668,36050517,33-й Военный городок,
1669,36050517,33-й Военный городок,
1670,36050517,33-й Военный городок,
1671,36050517,33-й Военный городок,
1672,36050517,33-й Военный городок,
1673,36050517,33-й Военный городок,
1674,36050517,33-й Военный городок,
1675,36050517,33-й Военный городок,
1676,36050517,33-й Военный городок,
1677,36050517,33-й Военный городок,
1678,36050517,33-й Военный городок,
1679,36050517,33-й Военный городок,
1680,36050517,33-й Военный городок,
1681,36050517,33-й Военный городок,
1682,36050517,33-й Военный городок,
1683,36050517,33-й Военный городок,
1684,36050517,33-й Военный городок,
1685,36050517,33-й Военный городок,
1686,36050517,33-й Военный городок,
1687,36050517,33-й Военный городок,
1688,36050517,33-й Военный городок,
1689,36050517,33-й Военный городок,
1690,84221,улица Сибгата Хакима,
1691,84221,улица Сибгата Хакима,
1692,84221,улица Сибгата Хакима,
1693,84221,улица Сибгата Хакима,
1694,84221,улица Сибгата Хакима,
1695,84221,улица Сибгата Хакима,
1696,84221,улица Сибгата Хакима,
1697,84221,улица Сибгата Хакима,
1698,200727,Советский район,
1699,200727,Советский район,
1700,200727,Советский район,
1701,200727,Советский район,
1702,200727,Советский район,
1703,200727,Советский район,
1704,200727,Советский район,
1705,200727,Советский район,
1706,200727,Советский район,
1707,200727,Советский район,
1708,200727,Советский район,
1709,200727,Советский район,
1710,200727,Советский район,
1711,200727,Советский район,
1712,200727,Советский район,
1713,200727,Советский район,
1714,200727,Советский район,
1715,200727,Советский район,
1716,200727,Советский район,
1717,200727,Советский район,
1718,200727,Советский район,
1719,200727,Советский район,
1720,200727,Советский район,
1721,200727,Советский район,
1722,200727,Советский район,
1723,200727,Советский район,
1724,200727,Советский район,
1725,200727,Советский район,
1726,200727,Советский район,
1727,200727,Советский район,
1728,200727,Советский район,
1729,200727,Советский район,
1730,200727,Советский район,
1731,200727,Советский район,
1732,200727,Советский район,
1733,200727,Советский район,
1734,200727,Советский район,
1735,200727,Советский район,
1736,200727,Советский район,
1737,200727,Советский район,
1738,200727,Советский район,
1739,200727,Советский район,
1740,200727,Советский район,
1741,200727,Советский район,
1742,200727,Советский район,
1743,200727,Советский район,
1744,200727,Советский район,
1745,200727,Советский район,
1746,3496112,"Минская улица, 26А",
1747,3496112,"Минская улица, 26А",
1748,35561130,"улица Алексея Козина, 2",
1749,35561130,"улица Алексея Козина, 2",
1750,36386,"улица Адоратского, 46",
1751,36386,"улица Адоратского, 46",
1752,35911544,жилой комплекс Весна 2,
1753,35911544,жилой комплекс Весна 2,
1754,56467073,"улица Адоратского, 1Б",
1755,56467073,"улица Адоратского, 1Б",
1756,16906769,"Пилотская улица, 37",
1757,16906769,"Пилотская улица, 37",
1758,46875891,"улица Абубекира Терегулова, 8Б",
1759,46875891,"улица Абубекира Терегулова, 8Б",
1760,47885179,"улица Академика Губкина, 12Б",
1761,47885179,"улица Академика Губкина, 12Б",
1762,56471715,"улица Гавриила Державина, 3к5",
1763,56471715,"улица Гавриила Державина, 3к5",
1764,372500,"улица Чехова, 6Г",
1765,372500,"улица Чехова, 6Г",
